-- PRODUCTION MIGRATION SCRIPT
-- Run in order: 1. Option Sets, 2. Groups, 3. Variants

-- =====================
-- 1. OPTION SETS
-- =====================
INSERT INTO addon_option_sets (id, name, description, is_active, created_at) VALUES ('db3f6f8b-f43e-4195-a17a-ae6afe7104de', 'Box Frame Option Set', 'Box Frame and Paper Upgrade options for UK, EU, and US', true, '2026-01-28 10:48:49.124321') ON CONFLICT (id) DO NOTHING;
INSERT INTO addon_option_sets (id, name, description, is_active, created_at) VALUES ('60a109e5-9c68-4278-8941-3b3c795400b2', 'Box Frame Option Set - AU + NZ Only', 'Box Frame and Paper Upgrade options for Australia and New Zealand', true, '2026-01-28 10:48:59.873418') ON CONFLICT (id) DO NOTHING;

-- =====================
-- 2. GROUPS
-- =====================
INSERT INTO addon_groups (id, option_set_id, name, slug, description, image_url, shopify_product_id, shopify_product_handle, display_conditions, condition_logic, display_order, is_active, created_at, updated_at) VALUES ('646c06dc-195f-4f3e-8da5-fb11793f76bb', '60a109e5-9c68-4278-8941-3b3c795400b2', 'Black Box Frame', 'black-box-frame-au', 'Our most luxurious frame. Milled from solid Ash and hand-stained.', '/objects/8418295d-0bdf-4ff5-8fc1-661f6ddf0776-addon-group-646c06dc-195f-4f3e-8da5-fb11793f76bb-1769947484642.jpg', '15079516209529', 'option-set-1180177-buttons-1', '[{"field": "shopify_variant", "value": "Black Frame", "operator": "contains"}, {"field": "shopify_variant", "value": "Unframed", "operator": "not_contains"}]', 'all', 1, true, '2026-01-28 10:49:37.63224', '2026-02-01 12:04:46.677') ON CONFLICT (id) DO NOTHING;
INSERT INTO addon_groups (id, option_set_id, name, slug, description, image_url, shopify_product_id, shopify_product_handle, display_conditions, condition_logic, display_order, is_active, created_at, updated_at) VALUES ('75e12c39-8c08-459b-a511-e0e73afa724c', '60a109e5-9c68-4278-8941-3b3c795400b2', 'White Box Frame', 'white-box-frame-au', 'Our most luxurious frame. Milled from solid Ash and hand-stained.', '/objects/605cf63f-f382-42da-9df8-246a2ffaa754-addon-group-75e12c39-8c08-459b-a511-e0e73afa724c-1769947510884.jpg', '15079516209529', 'option-set-1180177-buttons-1', '[{"field": "shopify_variant", "value": "White Frame", "operator": "contains"}, {"field": "shopify_variant", "value": "Unframed", "operator": "not_contains"}]', 'all', 2, true, '2026-01-28 10:49:37.63224', '2026-02-01 12:05:13.178') ON CONFLICT (id) DO NOTHING;
INSERT INTO addon_groups (id, option_set_id, name, slug, description, image_url, shopify_product_id, shopify_product_handle, display_conditions, condition_logic, display_order, is_active, created_at, updated_at) VALUES ('1ad0ba51-f0d7-494a-9b8f-bd3fe4be094b', '60a109e5-9c68-4278-8941-3b3c795400b2', 'Natural Box Frame', 'natural-box-frame-au', 'Our most luxurious frame. Milled from solid Ash and hand-stained.', '/objects/8e9a6f6e-9560-4b13-94c2-51e6e7e702a0-addon-group-1ad0ba51-f0d7-494a-9b8f-bd3fe4be094b-1769947522168.jpg', '15079516209529', 'option-set-1180177-buttons-1', '[{"field": "shopify_variant", "value": "Natural Frame", "operator": "contains"}, {"field": "shopify_variant", "value": "Unframed", "operator": "not_contains"}]', 'all', 3, true, '2026-01-28 10:49:37.63224', '2026-02-01 12:05:23.602') ON CONFLICT (id) DO NOTHING;
INSERT INTO addon_groups (id, option_set_id, name, slug, description, image_url, shopify_product_id, shopify_product_handle, display_conditions, condition_logic, display_order, is_active, created_at, updated_at) VALUES ('33d67d17-c273-47e6-a452-d8ee33678cef', '60a109e5-9c68-4278-8941-3b3c795400b2', 'Hahnemühle German Etching Paper', 'paper-upgrade-au-group', 'Luxurious, 310gsm textured paper.', '/objects/d6757c77-3196-4d43-8121-dc2da852e914-addon-group-33d67d17-c273-47e6-a452-d8ee33678cef-1769947537840.jpg', '15081129247097', 'paper-upgrade', '[{"field": "shopify_variant", "value": "Unframed", "operator": "contains"}]', 'all', 4, true, '2026-01-28 10:49:37.63224', '2026-02-01 12:05:40.013') ON CONFLICT (id) DO NOTHING;
INSERT INTO addon_groups (id, option_set_id, name, slug, description, image_url, shopify_product_id, shopify_product_handle, display_conditions, condition_logic, display_order, is_active, created_at, updated_at) VALUES ('d34ae73e-3573-467e-9b72-c8b1826026d0', 'db3f6f8b-f43e-4195-a17a-ae6afe7104de', 'Black Box Frame', 'black-box-frame', 'Our most luxurious frame. Milled from solid Ash and hand-stained.', '/objects/440d67dd-1c2c-4d3c-84f3-250f5a41264f-addon-group-d34ae73e-3573-467e-9b72-c8b1826026d0-1769944545594.jpg', '15079516209529', 'option-set-1180177-buttons-1', '[{"field": "shopify_variant", "value": "Black Frame", "operator": "contains"}, {"field": "shopify_variant", "value": "Unframed", "operator": "not_contains"}]', 'all', 1, true, '2026-01-28 10:49:18.842953', '2026-02-01 11:15:49.677') ON CONFLICT (id) DO NOTHING;
INSERT INTO addon_groups (id, option_set_id, name, slug, description, image_url, shopify_product_id, shopify_product_handle, display_conditions, condition_logic, display_order, is_active, created_at, updated_at) VALUES ('4e9fa149-429e-4918-8d51-59478a28bb99', 'db3f6f8b-f43e-4195-a17a-ae6afe7104de', 'White Box Frame', 'white-box-frame', 'Our most luxurious frame. Milled from solid Ash and hand-stained.', '/objects/f5119f62-9283-4cfa-9872-21951b2ed0fd-addon-group-4e9fa149-429e-4918-8d51-59478a28bb99-1769944563380.jpg', '15079516209529', 'option-set-1180177-buttons-1', '[{"field": "shopify_variant", "value": "White Frame", "operator": "contains"}, {"field": "shopify_variant", "value": "Unframed", "operator": "not_contains"}]', 'all', 2, true, '2026-01-28 10:49:18.842953', '2026-02-01 11:16:10.102') ON CONFLICT (id) DO NOTHING;
INSERT INTO addon_groups (id, option_set_id, name, slug, description, image_url, shopify_product_id, shopify_product_handle, display_conditions, condition_logic, display_order, is_active, created_at, updated_at) VALUES ('30297dee-7d27-4d13-bf74-8df15c7691a2', 'db3f6f8b-f43e-4195-a17a-ae6afe7104de', 'Natural Box Frame', 'natural-box-frame', 'Our most luxurious frame. Milled from solid Ash and hand-stained.', '/objects/b9d0f13e-4e9f-4fa6-a7de-7abe47492565-addon-group-30297dee-7d27-4d13-bf74-8df15c7691a2-1769944577078.jpg', '15079516209529', 'option-set-1180177-buttons-1', '[{"field": "shopify_variant", "value": "Natural Frame", "operator": "contains"}, {"field": "shopify_variant", "value": "Unframed", "operator": "not_contains"}]', 'all', 3, true, '2026-01-28 10:49:18.842953', '2026-02-01 11:16:19.104') ON CONFLICT (id) DO NOTHING;
INSERT INTO addon_groups (id, option_set_id, name, slug, description, image_url, shopify_product_id, shopify_product_handle, display_conditions, condition_logic, display_order, is_active, created_at, updated_at) VALUES ('98a73976-875a-42e3-aad8-271495e0b69f', 'db3f6f8b-f43e-4195-a17a-ae6afe7104de', 'Hahnemühle German Etching Paper', 'paper-upgrade-row', 'Luxurious, 310gsm textured paper.', '/objects/6e3dadc6-498f-4814-9159-a12d3310a7d4-addon-group-98a73976-875a-42e3-aad8-271495e0b69f-1769944603128.jpg', '15081129247097', 'paper-upgrade', '[{"field": "shopify_variant", "value": "Unframed", "operator": "contains"}]', 'all', 4, true, '2026-01-28 10:49:18.842953', '2026-02-01 11:16:45.428') ON CONFLICT (id) DO NOTHING;

-- =====================
-- 3. VARIANTS
-- =====================
INSERT INTO addon_variants (id, addon_id, name, shopify_variant_id, price, currency, size_patterns, display_order, is_active, created_at, updated_at, group_id) VALUES ('2906a4de-e477-4d58-b22c-5b483ca36ff0', NULL, 'A4, 8" x 12", 8" x 10", 6" x 8"', '55597339967865', '40.00', 'AUD', E'{A4,"8\\" x 12\\"","8\\" x 10\\"","6\\" x 8\\"",8x12,8x10,6x8}', 1, true, '2026-01-28 10:51:27.401207', '2026-02-01 12:14:15.219', '1ad0ba51-f0d7-494a-9b8f-bd3fe4be094b') ON CONFLICT (id) DO NOTHING;
INSERT INTO addon_variants (id, addon_id, name, shopify_variant_id, price, currency, size_patterns, display_order, is_active, created_at, updated_at, group_id) VALUES ('908f6c78-41db-49dc-b297-32439a96e520', NULL, 'A3, 12" x 16", 12" x 12", 12" x 18",', '55602886672761', '65.00', 'AUD', E'{A3,"12\\" x 16\\"","12\\" x 12\\"","12\\" x 18\\"",12x16,12x12,12x18}', 2, true, '2026-01-28 10:51:27.401207', '2026-02-01 12:39:48.363', '1ad0ba51-f0d7-494a-9b8f-bd3fe4be094b') ON CONFLICT (id) DO NOTHING;
INSERT INTO addon_variants (id, addon_id, name, shopify_variant_id, price, currency, size_patterns, display_order, is_active, created_at, updated_at, group_id) VALUES ('7958669c-b283-4645-8d91-c6f8a233302b', NULL, 'A2, 16" x 20", 18" x 24", 20" x 20"', '55602886705529', '80.00', 'AUD', E'{A2,"16\\" x 20\\"","18\\" x 24\\"","20\\" x 20\\"",16x20,18x24,20x20}', 3, true, '2026-01-28 10:51:27.401207', '2026-01-28 10:51:27.401207', '1ad0ba51-f0d7-494a-9b8f-bd3fe4be094b') ON CONFLICT (id) DO NOTHING;
INSERT INTO addon_variants (id, addon_id, name, shopify_variant_id, price, currency, size_patterns, display_order, is_active, created_at, updated_at, group_id) VALUES ('cf82a1f8-9244-4bc0-a648-27da12ccc1a1', NULL, 'A1, 20" x 28"', '55602886738297', '90.00', 'AUD', E'{A1,"20\\" x 28\\"",20x28}', 4, true, '2026-01-28 10:51:27.401207', '2026-02-01 12:41:06.615', '1ad0ba51-f0d7-494a-9b8f-bd3fe4be094b') ON CONFLICT (id) DO NOTHING;
INSERT INTO addon_variants (id, addon_id, name, shopify_variant_id, price, currency, size_patterns, display_order, is_active, created_at, updated_at, group_id) VALUES ('d49db045-0d39-4519-8bdf-452fa84fea03', NULL, '24" x 36", 30" x 30"', '55602886803833', '110.00', 'AUD', E'{"24\\" x 36\\"","30\\" x 30\\"",24x36,30x30}', 5, true, '2026-01-28 10:51:27.401207', '2026-02-01 11:46:51.88', '1ad0ba51-f0d7-494a-9b8f-bd3fe4be094b') ON CONFLICT (id) DO NOTHING;
INSERT INTO addon_variants (id, addon_id, name, shopify_variant_id, price, currency, size_patterns, display_order, is_active, created_at, updated_at, group_id) VALUES ('bd999b8c-356e-4624-92e9-d34d8bae3841', NULL, 'A0, 28" x 40", 30" x 40"', '55602886836601', '120.00', 'AUD', E'{A0,"28\\" x 40\\"","30\\" x 40\\"",28x40,30x40}', 6, true, '2026-01-28 10:51:27.401207', '2026-01-28 10:51:27.401207', '1ad0ba51-f0d7-494a-9b8f-bd3fe4be094b') ON CONFLICT (id) DO NOTHING;
INSERT INTO addon_variants (id, addon_id, name, shopify_variant_id, price, currency, size_patterns, display_order, is_active, created_at, updated_at, group_id) VALUES ('ba78bcdc-9ac2-4b14-bee2-fe33172cc123', NULL, 'A4, 8" x 12", 8" x 10", 11" x 14", 6" x 8"', '55570891481465', '40.00', 'GBP', E'{A4,"8\\" x 12\\"","8\\" x 10\\"","11\\" x 14\\"","6\\" x 8\\"",8x12,8x10,11x14,6x8}', 1, true, '2026-01-28 10:50:39.601862', '2026-01-28 10:50:39.601862', '30297dee-7d27-4d13-bf74-8df15c7691a2') ON CONFLICT (id) DO NOTHING;
INSERT INTO addon_variants (id, addon_id, name, shopify_variant_id, price, currency, size_patterns, display_order, is_active, created_at, updated_at, group_id) VALUES ('8ee6e44c-9be1-45ac-ae15-0fe9105732c3', NULL, 'A3, 12" x 16", 12" x 12", 12" x 18", 16" x 16"', '55570891514233', '65.00', 'GBP', E'{A3,"12\\" x 16\\"","12\\" x 12\\"","12\\" x 18\\"","16\\" x 16\\"",12x16,12x12,12x18,16x16}', 2, true, '2026-01-28 10:50:39.601862', '2026-01-28 10:50:39.601862', '30297dee-7d27-4d13-bf74-8df15c7691a2') ON CONFLICT (id) DO NOTHING;
INSERT INTO addon_variants (id, addon_id, name, shopify_variant_id, price, currency, size_patterns, display_order, is_active, created_at, updated_at, group_id) VALUES ('4b6fcf44-0adc-4067-aee2-b0b61ee990f8', NULL, 'A2, 16" x 20", 18" x 24", 20" x 20"', '55570891547001', '80.00', 'GBP', E'{A2,"16\\" x 20\\"","18\\" x 24\\"","20\\" x 20\\"",16x20,18x24,20x20}', 3, true, '2026-01-28 10:50:39.601862', '2026-01-28 10:50:39.601862', '30297dee-7d27-4d13-bf74-8df15c7691a2') ON CONFLICT (id) DO NOTHING;
INSERT INTO addon_variants (id, addon_id, name, shopify_variant_id, price, currency, size_patterns, display_order, is_active, created_at, updated_at, group_id) VALUES ('7b9ad1c3-3269-4ad5-be85-5c5ec4c4fe32', NULL, 'A1, 20" x 30", 24" x 32", 20" x 28"', '55570891579769', '90.00', 'GBP', E'{A1,"20\\" x 30\\"","24\\" x 32\\"","20\\" x 28\\"",20x30,24x32,20x28}', 4, true, '2026-01-28 10:50:39.601862', '2026-01-28 10:50:39.601862', '30297dee-7d27-4d13-bf74-8df15c7691a2') ON CONFLICT (id) DO NOTHING;
INSERT INTO addon_variants (id, addon_id, name, shopify_variant_id, price, currency, size_patterns, display_order, is_active, created_at, updated_at, group_id) VALUES ('c36837d1-4aaf-4198-822d-6ebf55ea1a3e', NULL, '24" x 36", 30" x 30"', '55570891415929', '100.00', 'GBP', E'{"24\\" x 36\\"","30\\" x 30\\"",24x36,30x30}', 5, true, '2026-01-28 10:50:39.601862', '2026-01-28 10:50:39.601862', '30297dee-7d27-4d13-bf74-8df15c7691a2') ON CONFLICT (id) DO NOTHING;
INSERT INTO addon_variants (id, addon_id, name, shopify_variant_id, price, currency, size_patterns, display_order, is_active, created_at, updated_at, group_id) VALUES ('be25afcf-ee3a-46a9-939a-43610f81cb70', NULL, '50" x 40"', '55570891612537', '110.00', 'GBP', E'{"50\\" x 40\\"",50x40}', 6, true, '2026-01-28 10:50:39.601862', '2026-01-28 10:50:39.601862', '30297dee-7d27-4d13-bf74-8df15c7691a2') ON CONFLICT (id) DO NOTHING;
INSERT INTO addon_variants (id, addon_id, name, shopify_variant_id, price, currency, size_patterns, display_order, is_active, created_at, updated_at, group_id) VALUES ('85b1d4a6-4f8f-4401-923e-71fd157a392e', NULL, 'A0, 28" x 40"', '55570891645305', '120.00', 'GBP', E'{A0,"28\\" x 40\\"",28x40}', 7, true, '2026-01-28 10:50:39.601862', '2026-01-28 10:50:39.601862', '30297dee-7d27-4d13-bf74-8df15c7691a2') ON CONFLICT (id) DO NOTHING;
INSERT INTO addon_variants (id, addon_id, name, shopify_variant_id, price, currency, size_patterns, display_order, is_active, created_at, updated_at, group_id) VALUES ('45a669d1-eab4-484f-b4e9-9d72c89b4ecd', NULL, 'Paper Upgrade - Small', '55603412337017', '15.00', 'AUD', E'{A4,"8\\" x 12\\"","8\\" x 10\\"","11\\" x 14\\"","6\\" x 8\\"",8x12,8x10,11x14,6x8}', 1, true, '2026-01-28 10:51:45.699906', '2026-02-01 11:46:52.823', '33d67d17-c273-47e6-a452-d8ee33678cef') ON CONFLICT (id) DO NOTHING;
INSERT INTO addon_variants (id, addon_id, name, shopify_variant_id, price, currency, size_patterns, display_order, is_active, created_at, updated_at, group_id) VALUES ('beeb7681-5314-4928-8401-76771c04ae50', NULL, 'Paper Upgrade - Medium', '55603412369785', '23.00', 'AUD', E'{A3,"12\\" x 16\\"","12\\" x 12\\"","12\\" x 18\\"","16\\" x 16\\"",12x16,12x12,12x18,16x16}', 2, true, '2026-01-28 10:51:45.699906', '2026-02-01 11:46:53.295', '33d67d17-c273-47e6-a452-d8ee33678cef') ON CONFLICT (id) DO NOTHING;
INSERT INTO addon_variants (id, addon_id, name, shopify_variant_id, price, currency, size_patterns, display_order, is_active, created_at, updated_at, group_id) VALUES ('6b7ca994-457e-4308-8981-88e69d94bedf', NULL, 'Paper Upgrade - A2', '55603412402553', '39.00', 'AUD', E'{A2,"16\\" x 20\\"","18\\" x 24\\"","20\\" x 20\\"",16x20,18x24,20x20}', 3, true, '2026-01-28 10:51:45.699906', '2026-02-01 11:58:35.385', '33d67d17-c273-47e6-a452-d8ee33678cef') ON CONFLICT (id) DO NOTHING;
INSERT INTO addon_variants (id, addon_id, name, shopify_variant_id, price, currency, size_patterns, display_order, is_active, created_at, updated_at, group_id) VALUES ('30caedea-10b5-49ab-8326-b665b698d139', NULL, 'Paper Upgrade - A1', '55603412435321', '60.00', 'AUD', E'{A1,"20\\" x 30\\"","24\\" x 36\\"","30\\" x 30\\"","24\\" x 32\\"","20\\" x 28\\"",20x30,24x36,30x30,24x32,20x28}', 4, true, '2026-01-28 10:51:45.699906', '2026-01-28 10:51:45.699906', '33d67d17-c273-47e6-a452-d8ee33678cef') ON CONFLICT (id) DO NOTHING;
INSERT INTO addon_variants (id, addon_id, name, shopify_variant_id, price, currency, size_patterns, display_order, is_active, created_at, updated_at, group_id) VALUES ('9649920b-9d16-4dbd-8b89-d8df85c97325', NULL, 'Paper Upgrade - A0', '55603579748729', '100.00', 'AUD', E'{A0,"30\\" x 40\\"","28\\" x 40\\"",30x40,28x40}', 5, true, '2026-01-28 10:51:45.699906', '2026-01-28 10:51:45.699906', '33d67d17-c273-47e6-a452-d8ee33678cef') ON CONFLICT (id) DO NOTHING;
INSERT INTO addon_variants (id, addon_id, name, shopify_variant_id, price, currency, size_patterns, display_order, is_active, created_at, updated_at, group_id) VALUES ('14304ac3-1978-424e-8103-5ab54e43f66b', NULL, 'A4, 8" x 12", 8" x 10", 11" x 14", 6" x 8"', '55570891481465', '40.00', 'GBP', E'{A4,"8\\" x 12\\"","8\\" x 10\\"","11\\" x 14\\"","6\\" x 8\\"",8x12,8x10,11x14,6x8}', 1, true, '2026-01-28 10:50:39.601862', '2026-01-28 10:50:39.601862', '4e9fa149-429e-4918-8d51-59478a28bb99') ON CONFLICT (id) DO NOTHING;
INSERT INTO addon_variants (id, addon_id, name, shopify_variant_id, price, currency, size_patterns, display_order, is_active, created_at, updated_at, group_id) VALUES ('f58302dd-07b2-4c47-9552-4eb07088b284', NULL, 'A3, 12" x 16", 12" x 12", 12" x 18", 16" x 16"', '55570891514233', '65.00', 'GBP', E'{A3,"12\\" x 16\\"","12\\" x 12\\"","12\\" x 18\\"","16\\" x 16\\"",12x16,12x12,12x18,16x16}', 2, true, '2026-01-28 10:50:39.601862', '2026-01-28 10:50:39.601862', '4e9fa149-429e-4918-8d51-59478a28bb99') ON CONFLICT (id) DO NOTHING;
INSERT INTO addon_variants (id, addon_id, name, shopify_variant_id, price, currency, size_patterns, display_order, is_active, created_at, updated_at, group_id) VALUES ('04e58fd7-d6ab-4130-9cfc-8c4f40f78564', NULL, 'A2, 16" x 20", 18" x 24", 20" x 20"', '55570891547001', '80.00', 'GBP', E'{A2,"16\\" x 20\\"","18\\" x 24\\"","20\\" x 20\\"",16x20,18x24,20x20}', 3, true, '2026-01-28 10:50:39.601862', '2026-01-28 10:50:39.601862', '4e9fa149-429e-4918-8d51-59478a28bb99') ON CONFLICT (id) DO NOTHING;
INSERT INTO addon_variants (id, addon_id, name, shopify_variant_id, price, currency, size_patterns, display_order, is_active, created_at, updated_at, group_id) VALUES ('0748bd1e-e24d-4d0f-8af2-f89f5dbc2e8f', NULL, 'A1, 20" x 30", 24" x 32", 20" x 28"', '55570891579769', '90.00', 'GBP', E'{A1,"20\\" x 30\\"","24\\" x 32\\"","20\\" x 28\\"",20x30,24x32,20x28}', 4, true, '2026-01-28 10:50:39.601862', '2026-01-28 10:50:39.601862', '4e9fa149-429e-4918-8d51-59478a28bb99') ON CONFLICT (id) DO NOTHING;
INSERT INTO addon_variants (id, addon_id, name, shopify_variant_id, price, currency, size_patterns, display_order, is_active, created_at, updated_at, group_id) VALUES ('fdf1c5fa-8006-4e27-a826-1a74c0256bed', NULL, '24" x 36", 30" x 30"', '55570891415929', '100.00', 'GBP', E'{"24\\" x 36\\"","30\\" x 30\\"",24x36,30x30}', 5, true, '2026-01-28 10:50:39.601862', '2026-01-28 10:50:39.601862', '4e9fa149-429e-4918-8d51-59478a28bb99') ON CONFLICT (id) DO NOTHING;
INSERT INTO addon_variants (id, addon_id, name, shopify_variant_id, price, currency, size_patterns, display_order, is_active, created_at, updated_at, group_id) VALUES ('28517d20-7d79-4963-bc9f-ed2ae50e0f1e', NULL, '50" x 40"', '55570891612537', '110.00', 'GBP', E'{"50\\" x 40\\"",50x40}', 6, true, '2026-01-28 10:50:39.601862', '2026-01-28 10:50:39.601862', '4e9fa149-429e-4918-8d51-59478a28bb99') ON CONFLICT (id) DO NOTHING;
INSERT INTO addon_variants (id, addon_id, name, shopify_variant_id, price, currency, size_patterns, display_order, is_active, created_at, updated_at, group_id) VALUES ('8b774816-7bf8-49ee-b532-e93f6946d914', NULL, 'A0, 28" x 40"', '55570891645305', '120.00', 'GBP', E'{A0,"28\\" x 40\\"",28x40}', 7, true, '2026-01-28 10:50:39.601862', '2026-01-28 10:50:39.601862', '4e9fa149-429e-4918-8d51-59478a28bb99') ON CONFLICT (id) DO NOTHING;
INSERT INTO addon_variants (id, addon_id, name, shopify_variant_id, price, currency, size_patterns, display_order, is_active, created_at, updated_at, group_id) VALUES ('81eeb651-5205-4122-b44c-e53e38ab9b74', NULL, 'A4, 8" x 12", 8" x 10", 6" x 8"', '55597339967865', '40.00', 'GBP', E'{A4,"8\\" x 12\\"","8\\" x 10\\"","6\\" x 8\\"",8x12,8x10,6x8}', 1, true, '2026-01-28 10:51:27.401207', '2026-02-01 12:13:55.977', '646c06dc-195f-4f3e-8da5-fb11793f76bb') ON CONFLICT (id) DO NOTHING;
INSERT INTO addon_variants (id, addon_id, name, shopify_variant_id, price, currency, size_patterns, display_order, is_active, created_at, updated_at, group_id) VALUES ('1d5166cd-24f0-4e55-8801-2cbd73203f9f', NULL, 'A3, 12" x 16", 12" x 12", 12" x 18",', '55602886672761', '65.00', 'AUD', E'{A3,"12\\" x 16\\"","12\\" x 12\\"","12\\" x 18\\"",12x16,12x12,12x18}', 2, true, '2026-01-28 10:51:27.401207', '2026-02-01 12:40:10.763', '646c06dc-195f-4f3e-8da5-fb11793f76bb') ON CONFLICT (id) DO NOTHING;
INSERT INTO addon_variants (id, addon_id, name, shopify_variant_id, price, currency, size_patterns, display_order, is_active, created_at, updated_at, group_id) VALUES ('fa85443d-a0ea-40e1-833b-5e0d02e7887d', NULL, 'A2, 16" x 20", 18" x 24", 20" x 20"', '55602886705529', '80.00', 'AUD', E'{A2,"16\\" x 20\\"","18\\" x 24\\"","20\\" x 20\\"",16x20,18x24,20x20}', 3, true, '2026-01-28 10:51:27.401207', '2026-01-28 10:51:27.401207', '646c06dc-195f-4f3e-8da5-fb11793f76bb') ON CONFLICT (id) DO NOTHING;
INSERT INTO addon_variants (id, addon_id, name, shopify_variant_id, price, currency, size_patterns, display_order, is_active, created_at, updated_at, group_id) VALUES ('5601e79c-3ef3-4c08-a8d4-983753f49403', NULL, 'A1, 20" x 28"', '55602886738297', '90.00', 'AUD', E'{A1,"20\\" x 28\\"",20x28}', 4, true, '2026-01-28 10:51:27.401207', '2026-02-01 12:40:39.559', '646c06dc-195f-4f3e-8da5-fb11793f76bb') ON CONFLICT (id) DO NOTHING;
INSERT INTO addon_variants (id, addon_id, name, shopify_variant_id, price, currency, size_patterns, display_order, is_active, created_at, updated_at, group_id) VALUES ('cd16a651-1340-4339-af7a-2d13f431e71c', NULL, '24" x 36", 30" x 30"', '55602886803833', '110.00', 'AUD', E'{"24\\" x 36\\"","30\\" x 30\\"",24x36,30x30}', 5, true, '2026-01-28 10:51:27.401207', '2026-02-01 11:46:46.262', '646c06dc-195f-4f3e-8da5-fb11793f76bb') ON CONFLICT (id) DO NOTHING;
INSERT INTO addon_variants (id, addon_id, name, shopify_variant_id, price, currency, size_patterns, display_order, is_active, created_at, updated_at, group_id) VALUES ('f2a0ff38-cccc-4615-84ab-db600d430f43', NULL, 'A0, 28" x 40", 30" x 40"', '55602886836601', '120.00', 'AUD', E'{A0,"28\\" x 40\\"","30\\" x 40\\"",28x40,30x40}', 6, true, '2026-01-28 10:51:27.401207', '2026-01-28 10:51:27.401207', '646c06dc-195f-4f3e-8da5-fb11793f76bb') ON CONFLICT (id) DO NOTHING;
INSERT INTO addon_variants (id, addon_id, name, shopify_variant_id, price, currency, size_patterns, display_order, is_active, created_at, updated_at, group_id) VALUES ('4d40fceb-1c45-420b-a5f9-7fd524b8af56', NULL, 'A4, 8" x 12", 8" x 10", 6" x 8"', '55597339967865', '40.00', 'AUD', E'{A4,"8\\" x 12\\"","8\\" x 10\\"","6\\" x 8\\"",8x12,8x10,6x8}', 1, true, '2026-01-28 10:51:27.401207', '2026-02-01 12:14:03.172', '75e12c39-8c08-459b-a511-e0e73afa724c') ON CONFLICT (id) DO NOTHING;
INSERT INTO addon_variants (id, addon_id, name, shopify_variant_id, price, currency, size_patterns, display_order, is_active, created_at, updated_at, group_id) VALUES ('9920504d-4102-4a6e-b115-a0c6ee3a72c0', NULL, 'A3, 12" x 16", 12" x 12", 12" x 18",', '55602886672761', '65.00', 'AUD', E'{A3,"12\\" x 16\\"","12\\" x 12\\"","12\\" x 18\\"",12x16,12x12,12x18}', 2, true, '2026-01-28 10:51:27.401207', '2026-02-01 12:40:00.558', '75e12c39-8c08-459b-a511-e0e73afa724c') ON CONFLICT (id) DO NOTHING;
INSERT INTO addon_variants (id, addon_id, name, shopify_variant_id, price, currency, size_patterns, display_order, is_active, created_at, updated_at, group_id) VALUES ('cdac10c2-5155-49b4-ba12-7dbc02891041', NULL, 'A2, 16" x 20", 18" x 24", 20" x 20"', '55602886705529', '80.00', 'AUD', E'{A2,"16\\" x 20\\"","18\\" x 24\\"","20\\" x 20\\"",16x20,18x24,20x20}', 3, true, '2026-01-28 10:51:27.401207', '2026-01-28 10:51:27.401207', '75e12c39-8c08-459b-a511-e0e73afa724c') ON CONFLICT (id) DO NOTHING;
INSERT INTO addon_variants (id, addon_id, name, shopify_variant_id, price, currency, size_patterns, display_order, is_active, created_at, updated_at, group_id) VALUES ('d5ee804a-8d47-474e-a574-38181918a2b1', NULL, 'A1, 20" x 28"', '55602886738297', '90.00', 'AUD', E'{A1,"20\\" x 28\\"",20x28}', 4, true, '2026-01-28 10:51:27.401207', '2026-02-01 12:40:56.233', '75e12c39-8c08-459b-a511-e0e73afa724c') ON CONFLICT (id) DO NOTHING;
INSERT INTO addon_variants (id, addon_id, name, shopify_variant_id, price, currency, size_patterns, display_order, is_active, created_at, updated_at, group_id) VALUES ('3daa3c77-f045-482f-ac9a-e08937537ecf', NULL, '24" x 36", 30" x 30"', '55602886803833', '110.00', 'AUD', E'{"24\\" x 36\\"","30\\" x 30\\"",24x36,30x30}', 5, true, '2026-01-28 10:51:27.401207', '2026-02-01 11:46:49.214', '75e12c39-8c08-459b-a511-e0e73afa724c') ON CONFLICT (id) DO NOTHING;
INSERT INTO addon_variants (id, addon_id, name, shopify_variant_id, price, currency, size_patterns, display_order, is_active, created_at, updated_at, group_id) VALUES ('c7cd9796-c638-4def-85cc-c8b0182e1340', NULL, 'A0, 28" x 40", 30" x 40"', '55602886836601', '120.00', 'AUD', E'{A0,"28\\" x 40\\"","30\\" x 40\\"",28x40,30x40}', 6, true, '2026-01-28 10:51:27.401207', '2026-01-28 10:51:27.401207', '75e12c39-8c08-459b-a511-e0e73afa724c') ON CONFLICT (id) DO NOTHING;
INSERT INTO addon_variants (id, addon_id, name, shopify_variant_id, price, currency, size_patterns, display_order, is_active, created_at, updated_at, group_id) VALUES ('26fcaa14-4284-4f2b-b906-7c833c20ee53', NULL, 'Paper Upgrade - Small', '55603412337017', '15.00', 'GBP', E'{A4,"8\\" x 12\\"","8\\" x 10\\"","11\\" x 14\\"","6\\" x 8\\"",8x12,8x10,11x14,6x8}', 1, true, '2026-01-28 10:50:57.094045', '2026-02-01 11:46:42.162', '98a73976-875a-42e3-aad8-271495e0b69f') ON CONFLICT (id) DO NOTHING;
INSERT INTO addon_variants (id, addon_id, name, shopify_variant_id, price, currency, size_patterns, display_order, is_active, created_at, updated_at, group_id) VALUES ('93ab2e66-7482-40fc-81fb-2fae61c7e255', NULL, 'Paper Upgrade - Medium', '55603412369785', '23.00', 'GBP', E'{A3,"12\\" x 16\\"","12\\" x 12\\"","12\\" x 18\\"","16\\" x 16\\"",12x16,12x12,12x18,16x16}', 2, true, '2026-01-28 10:50:57.094045', '2026-02-01 11:46:42.632', '98a73976-875a-42e3-aad8-271495e0b69f') ON CONFLICT (id) DO NOTHING;
INSERT INTO addon_variants (id, addon_id, name, shopify_variant_id, price, currency, size_patterns, display_order, is_active, created_at, updated_at, group_id) VALUES ('ee29d819-c461-4dce-99f7-828e06a0f325', NULL, 'Paper Upgrade - A2', '55603412402553', '39.00', 'GBP', E'{A2,"16\\" x 20\\"","18\\" x 24\\"","20\\" x 20\\"",16x20,18x24,20x20}', 3, true, '2026-01-28 10:50:57.094045', '2026-02-01 11:46:43.113', '98a73976-875a-42e3-aad8-271495e0b69f') ON CONFLICT (id) DO NOTHING;
INSERT INTO addon_variants (id, addon_id, name, shopify_variant_id, price, currency, size_patterns, display_order, is_active, created_at, updated_at, group_id) VALUES ('b11f206c-ceb0-4665-9963-609389d5a90e', NULL, 'Paper Upgrade - A1', '55603412435321', '65.00', 'GBP', E'{A1,"20\\" x 30\\"","24\\" x 36\\"","30\\" x 30\\"","24\\" x 32\\"","20\\" x 28\\"",20x30,24x36,30x30,24x32,20x28}', 4, true, '2026-01-28 10:50:57.094045', '2026-02-01 11:58:25.47', '98a73976-875a-42e3-aad8-271495e0b69f') ON CONFLICT (id) DO NOTHING;
INSERT INTO addon_variants (id, addon_id, name, shopify_variant_id, price, currency, size_patterns, display_order, is_active, created_at, updated_at, group_id) VALUES ('630a1aee-490c-418d-9c99-6aba0464c725', NULL, 'Paper Upgrade - A0', '55603579748729', '100.00', 'GBP', E'{A0,"30\\" x 40\\"","28\\" x 40\\"",30x40,28x40}', 5, true, '2026-01-28 10:50:57.094045', '2026-01-28 10:50:57.094045', '98a73976-875a-42e3-aad8-271495e0b69f') ON CONFLICT (id) DO NOTHING;
INSERT INTO addon_variants (id, addon_id, name, shopify_variant_id, price, currency, size_patterns, display_order, is_active, created_at, updated_at, group_id) VALUES ('e3b1f4aa-1193-45b8-9f44-45a8fc25eea2', NULL, 'A4, 8" x 12", 8" x 10", 11" x 14", 6" x 8"', '55570891481465', '40.00', 'GBP', E'{A4,"8\\" x 12\\"","8\\" x 10\\"","11\\" x 14\\"","6\\" x 8\\"",8x12,8x10,11x14,6x8}', 1, true, '2026-01-28 10:50:00.668344', '2026-01-28 10:50:00.668344', 'd34ae73e-3573-467e-9b72-c8b1826026d0') ON CONFLICT (id) DO NOTHING;
INSERT INTO addon_variants (id, addon_id, name, shopify_variant_id, price, currency, size_patterns, display_order, is_active, created_at, updated_at, group_id) VALUES ('78593e8f-4dee-4030-96d2-002917437465', NULL, 'A3, 12" x 16", 12" x 12", 12" x 18", 16" x 16"', '55570891514233', '65.00', 'GBP', E'{A3,"12\\" x 16\\"","12\\" x 12\\"","12\\" x 18\\"","16\\" x 16\\"",12x16,12x12,12x18,16x16}', 2, true, '2026-01-28 10:50:00.668344', '2026-01-28 10:50:00.668344', 'd34ae73e-3573-467e-9b72-c8b1826026d0') ON CONFLICT (id) DO NOTHING;
INSERT INTO addon_variants (id, addon_id, name, shopify_variant_id, price, currency, size_patterns, display_order, is_active, created_at, updated_at, group_id) VALUES ('58444265-ec50-4c69-86cd-63bc3410482b', NULL, 'A2, 16" x 20", 18" x 24", 20" x 20"', '55570891547001', '80.00', 'GBP', E'{A2,"16\\" x 20\\"","18\\" x 24\\"","20\\" x 20\\"",16x20,18x24,20x20}', 3, true, '2026-01-28 10:50:00.668344', '2026-01-28 10:50:00.668344', 'd34ae73e-3573-467e-9b72-c8b1826026d0') ON CONFLICT (id) DO NOTHING;
INSERT INTO addon_variants (id, addon_id, name, shopify_variant_id, price, currency, size_patterns, display_order, is_active, created_at, updated_at, group_id) VALUES ('d8870a57-4c5d-4b54-a373-3ea2addac97e', NULL, 'A1, 20" x 30", 24" x 32", 20" x 28"', '55570891579769', '90.00', 'GBP', E'{A1,"20\\" x 30\\"","24\\" x 32\\"","20\\" x 28\\"",20x30,24x32,20x28}', 4, true, '2026-01-28 10:50:00.668344', '2026-01-28 10:50:00.668344', 'd34ae73e-3573-467e-9b72-c8b1826026d0') ON CONFLICT (id) DO NOTHING;
INSERT INTO addon_variants (id, addon_id, name, shopify_variant_id, price, currency, size_patterns, display_order, is_active, created_at, updated_at, group_id) VALUES ('5561fb83-b570-42b9-aaca-e14e074f9366', NULL, '24" x 36", 30" x 30"', '55570891415929', '100.00', 'GBP', E'{"24\\" x 36\\"","30\\" x 30\\"",24x36,30x30}', 5, true, '2026-01-28 10:50:00.668344', '2026-01-28 10:50:00.668344', 'd34ae73e-3573-467e-9b72-c8b1826026d0') ON CONFLICT (id) DO NOTHING;
INSERT INTO addon_variants (id, addon_id, name, shopify_variant_id, price, currency, size_patterns, display_order, is_active, created_at, updated_at, group_id) VALUES ('7669a9d8-a85d-4ceb-9b37-dfb90f03c76c', NULL, '50" x 40"', '55570891612537', '110.00', 'GBP', E'{"50\\" x 40\\"",50x40}', 6, true, '2026-01-28 10:50:00.668344', '2026-01-28 10:50:00.668344', 'd34ae73e-3573-467e-9b72-c8b1826026d0') ON CONFLICT (id) DO NOTHING;
INSERT INTO addon_variants (id, addon_id, name, shopify_variant_id, price, currency, size_patterns, display_order, is_active, created_at, updated_at, group_id) VALUES ('85ea75e4-5464-4f3f-9139-b72f8a8ea152', NULL, 'A0, 28" x 40"', '55570891645305', '120.00', 'GBP', E'{A0,"28\\" x 40\\"",28x40}', 7, true, '2026-01-28 10:50:00.668344', '2026-01-28 10:50:00.668344', 'd34ae73e-3573-467e-9b72-c8b1826026d0') ON CONFLICT (id) DO NOTHING;
INSERT INTO addon_variants (id, addon_id, name, shopify_variant_id, price, currency, size_patterns, display_order, is_active, created_at, updated_at, group_id) VALUES ('3118cb07-3e1a-476b-b034-84f1ffce9975', '5e2dc866-7644-4c9d-a108-db4a831d2f8b', '24" x 36", 24x36, 30" x 30", 30x30', '55570891415929', '100.00', 'GBP', E'{"24\\" x 36\\"",24x36,"30\\" x 30\\"",30x30}', 1, true, '2026-01-27 17:20:59.783074', '2026-01-27 17:20:59.783074', NULL) ON CONFLICT (id) DO NOTHING;
INSERT INTO addon_variants (id, addon_id, name, shopify_variant_id, price, currency, size_patterns, display_order, is_active, created_at, updated_at, group_id) VALUES ('c868f06e-3245-4dd4-ac78-969479251483', '98aada8e-8c60-438f-a9b1-3f8c87ac2dbe', 'Paper Upgrade - Small', '55603412337017', '25.00', 'AUD', E'{A4,"8\\" x 12\\"","8\\" x 10\\"","11\\" x 14\\"","6\\" x 8\\"",8x12,8x10,11x14,6x8}', 1, true, '2026-01-28 10:08:48.309803', '2026-01-28 10:08:48.309803', NULL) ON CONFLICT (id) DO NOTHING;
INSERT INTO addon_variants (id, addon_id, name, shopify_variant_id, price, currency, size_patterns, display_order, is_active, created_at, updated_at, group_id) VALUES ('0bdf12d0-e259-40d8-a17f-ea0b312e6da6', '7ed692be-b098-4dfb-9722-81eec1c7e5b5', 'Paper Upgrade - Small', '55603412337017', '25.00', 'GBP', E'{A4,"8\\" x 12\\"","8\\" x 10\\"","11\\" x 14\\"","6\\" x 8\\"",8x12,8x10,11x14,6x8}', 1, true, '2026-01-27 23:17:32.954091', '2026-01-27 23:17:32.954091', NULL) ON CONFLICT (id) DO NOTHING;
INSERT INTO addon_variants (id, addon_id, name, shopify_variant_id, price, currency, size_patterns, display_order, is_active, created_at, updated_at, group_id) VALUES ('258bac48-942b-4edf-8ac3-5720f64838b5', '8e04a943-a965-441d-904c-cd765ac0034e', 'A4, 8" x 12", 8" x 10", 11" x 14", 6" x 8"', '55597339967865', '40.00', 'AUD', E'{A4,"8\\" x 12\\"","8\\" x 10\\"","11\\" x 14\\"","6\\" x 8\\"",8x12,8x10,11x14,6x8}', 1, true, '2026-01-28 10:08:12.694705', '2026-01-28 10:08:12.694705', NULL) ON CONFLICT (id) DO NOTHING;
INSERT INTO addon_variants (id, addon_id, name, shopify_variant_id, price, currency, size_patterns, display_order, is_active, created_at, updated_at, group_id) VALUES ('e2b39ad2-eabe-4ba4-a227-9ab794b7d0ff', '5e2dc866-7644-4c9d-a108-db4a831d2f8b', 'A4, 8" x 12", 8" x 10", 11" x 14", 6x12...', '55570891481465', '40.00', 'GBP', E'{A4,"8\\" x 12\\"","8\\" x 10\\"","11\\" x 14\\"","6\\" x 8\\"",8x12,8x10,11x14,6x8}', 2, true, '2026-01-27 17:20:59.826321', '2026-01-27 17:20:59.826321', NULL) ON CONFLICT (id) DO NOTHING;
INSERT INTO addon_variants (id, addon_id, name, shopify_variant_id, price, currency, size_patterns, display_order, is_active, created_at, updated_at, group_id) VALUES ('23aa94c3-e07e-47db-88d9-55c1363eadc5', '98aada8e-8c60-438f-a9b1-3f8c87ac2dbe', 'Paper Upgrade - Medium', '55603412369785', '40.00', 'AUD', E'{A3,"12\\" x 16\\"","12\\" x 12\\"","12\\" x 18\\"","16\\" x 16\\"",12x16,12x12,12x18,16x16}', 2, true, '2026-01-28 10:08:48.309803', '2026-01-28 10:08:48.309803', NULL) ON CONFLICT (id) DO NOTHING;
INSERT INTO addon_variants (id, addon_id, name, shopify_variant_id, price, currency, size_patterns, display_order, is_active, created_at, updated_at, group_id) VALUES ('5a749b8d-6056-4e2b-845f-c702bde78470', '8e04a943-a965-441d-904c-cd765ac0034e', 'A3, 12" x 16", 12" x 12", 12" x 18", 16" x 16"', '55602886672761', '65.00', 'AUD', E'{A3,"12\\" x 16\\"","12\\" x 12\\"","12\\" x 18\\"","16\\" x 16\\"",12x16,12x12,12x18,16x16}', 2, true, '2026-01-28 10:08:12.694705', '2026-01-28 10:08:12.694705', NULL) ON CONFLICT (id) DO NOTHING;
INSERT INTO addon_variants (id, addon_id, name, shopify_variant_id, price, currency, size_patterns, display_order, is_active, created_at, updated_at, group_id) VALUES ('6ef20233-e971-4ee4-b272-d9936761d144', '7ed692be-b098-4dfb-9722-81eec1c7e5b5', 'Paper Upgrade - Medium', '55603412369785', '40.00', 'GBP', E'{A3,"12\\" x 16\\"","12\\" x 12\\"","12\\" x 18\\"","16\\" x 16\\"",12x16,12x12,12x18,16x16}', 2, true, '2026-01-27 23:17:32.996083', '2026-01-27 23:17:32.996083', NULL) ON CONFLICT (id) DO NOTHING;
INSERT INTO addon_variants (id, addon_id, name, shopify_variant_id, price, currency, size_patterns, display_order, is_active, created_at, updated_at, group_id) VALUES ('99b1f4a6-db1a-4b92-be37-cff2c99d97a3', '7ed692be-b098-4dfb-9722-81eec1c7e5b5', 'Paper Upgrade - A2', '55603412402553', '80.00', 'GBP', E'{A2,"16\\" x 20\\"","18\\" x 24\\"","20\\" x 20\\"",16x20,18x24,20x20}', 3, true, '2026-01-27 23:17:33.037489', '2026-01-27 23:17:33.037489', NULL) ON CONFLICT (id) DO NOTHING;
INSERT INTO addon_variants (id, addon_id, name, shopify_variant_id, price, currency, size_patterns, display_order, is_active, created_at, updated_at, group_id) VALUES ('0582bd8e-a78f-4b7c-a313-368a2d0146d4', '8e04a943-a965-441d-904c-cd765ac0034e', 'A2, 16" x 20", 18" x 24", 20" x 20"', '55602886705529', '80.00', 'AUD', E'{A2,"16\\" x 20\\"","18\\" x 24\\"","20\\" x 20\\"",16x20,18x24,20x20}', 3, true, '2026-01-28 10:08:12.694705', '2026-01-28 10:08:12.694705', NULL) ON CONFLICT (id) DO NOTHING;
INSERT INTO addon_variants (id, addon_id, name, shopify_variant_id, price, currency, size_patterns, display_order, is_active, created_at, updated_at, group_id) VALUES ('1b7d5a2a-6246-4f78-9a8a-929fa8d7bc76', '98aada8e-8c60-438f-a9b1-3f8c87ac2dbe', 'Paper Upgrade - A2', '55603412402553', '80.00', 'AUD', E'{A2,"16\\" x 20\\"","18\\" x 24\\"","20\\" x 20\\"",16x20,18x24,20x20}', 3, true, '2026-01-28 10:08:48.309803', '2026-01-28 10:08:48.309803', NULL) ON CONFLICT (id) DO NOTHING;
INSERT INTO addon_variants (id, addon_id, name, shopify_variant_id, price, currency, size_patterns, display_order, is_active, created_at, updated_at, group_id) VALUES ('748927e9-bd49-45ea-b136-726bec0303c1', '5e2dc866-7644-4c9d-a108-db4a831d2f8b', 'A3, 12" x 16", 12" x 12", 12" x 18", 16" x 16"...', '55570891514233', '65.00', 'GBP', E'{A3,"12\\" x 16\\"","12\\" x 12\\"","12\\" x 18\\"","16\\" x 16\\"",12x16,12x12,12x18,16x16}', 3, true, '2026-01-27 17:20:59.869472', '2026-01-27 17:20:59.869472', NULL) ON CONFLICT (id) DO NOTHING;
INSERT INTO addon_variants (id, addon_id, name, shopify_variant_id, price, currency, size_patterns, display_order, is_active, created_at, updated_at, group_id) VALUES ('2b121e87-cefb-4c02-a795-8cb797ac9938', '5e2dc866-7644-4c9d-a108-db4a831d2f8b', 'A2, 16" x 20", 18" x 24", 20" x 20", 16x20...', '55570891547001', '80.00', 'GBP', E'{A2,"16\\" x 20\\"","18\\" x 24\\"","20\\" x 20\\"",16x20,18x24,20x20}', 4, true, '2026-01-27 17:20:59.913631', '2026-01-27 17:20:59.913631', NULL) ON CONFLICT (id) DO NOTHING;
INSERT INTO addon_variants (id, addon_id, name, shopify_variant_id, price, currency, size_patterns, display_order, is_active, created_at, updated_at, group_id) VALUES ('6d49897a-c3ae-4af8-9630-cda636b74b0a', '7ed692be-b098-4dfb-9722-81eec1c7e5b5', 'Paper Upgrade - A1', '55603412435321', '60.00', 'GBP', E'{A1,"20\\" x 30\\"","24\\" x 36\\"","30\\" x 30\\"","24\\" x 32\\"","20\\" x 28\\"",20x30,24x36,30x30,24x32,20x28}', 4, true, '2026-01-27 23:17:33.078117', '2026-01-27 23:17:33.078117', NULL) ON CONFLICT (id) DO NOTHING;
INSERT INTO addon_variants (id, addon_id, name, shopify_variant_id, price, currency, size_patterns, display_order, is_active, created_at, updated_at, group_id) VALUES ('378729fa-9d76-43cf-8196-d8887752eb5d', '98aada8e-8c60-438f-a9b1-3f8c87ac2dbe', 'Paper Upgrade - A1', '55603412435321', '60.00', 'AUD', E'{A1,"20\\" x 30\\"","24\\" x 36\\"","30\\" x 30\\"","24\\" x 32\\"","20\\" x 28\\"",20x30,24x36,30x30,24x32,20x28}', 4, true, '2026-01-28 10:08:48.309803', '2026-01-28 10:08:48.309803', NULL) ON CONFLICT (id) DO NOTHING;
INSERT INTO addon_variants (id, addon_id, name, shopify_variant_id, price, currency, size_patterns, display_order, is_active, created_at, updated_at, group_id) VALUES ('7380c1f4-0cc7-4896-bb32-bb017bdcc3ef', '8e04a943-a965-441d-904c-cd765ac0034e', 'A1, 20" x 30", 24" x 32", 20" x 28"', '55602886738297', '90.00', 'AUD', E'{A1,"20\\" x 30\\"","24\\" x 32\\"","20\\" x 28\\"",20x30,24x32,20x28}', 4, true, '2026-01-28 10:08:12.694705', '2026-01-28 10:08:12.694705', NULL) ON CONFLICT (id) DO NOTHING;
INSERT INTO addon_variants (id, addon_id, name, shopify_variant_id, price, currency, size_patterns, display_order, is_active, created_at, updated_at, group_id) VALUES ('7e483357-c18d-4cd6-bc09-e155a9a8387f', '7ed692be-b098-4dfb-9722-81eec1c7e5b5', 'Paper Upgrade - A0', '55603579748729', '100.00', 'GBP', E'{A0,"30\\" x 40\\"","28\\" x 40\\"",30x40,28x40}', 5, true, '2026-01-27 23:17:33.11821', '2026-01-27 23:17:33.11821', NULL) ON CONFLICT (id) DO NOTHING;
INSERT INTO addon_variants (id, addon_id, name, shopify_variant_id, price, currency, size_patterns, display_order, is_active, created_at, updated_at, group_id) VALUES ('47ef757e-4086-4d41-9297-bff6c779c483', '8e04a943-a965-441d-904c-cd765ac0034e', '24" x 36", 30" x 30"', '55602886803833', '100.00', 'AUD', E'{"24\\" x 36\\"","30\\" x 30\\"",24x36,30x30}', 5, true, '2026-01-28 10:08:12.694705', '2026-01-28 10:08:12.694705', NULL) ON CONFLICT (id) DO NOTHING;
INSERT INTO addon_variants (id, addon_id, name, shopify_variant_id, price, currency, size_patterns, display_order, is_active, created_at, updated_at, group_id) VALUES ('f5fc6092-acc7-4ac5-bd72-ebfa2aa01782', '98aada8e-8c60-438f-a9b1-3f8c87ac2dbe', 'Paper Upgrade - A0', '55603579748729', '100.00', 'AUD', E'{A0,"30\\" x 40\\"","28\\" x 40\\"",30x40,28x40}', 5, true, '2026-01-28 10:08:48.309803', '2026-01-28 10:08:48.309803', NULL) ON CONFLICT (id) DO NOTHING;
INSERT INTO addon_variants (id, addon_id, name, shopify_variant_id, price, currency, size_patterns, display_order, is_active, created_at, updated_at, group_id) VALUES ('0d41d485-70c7-4b84-91fc-25b17bbfb7f3', '5e2dc866-7644-4c9d-a108-db4a831d2f8b', 'A1, 20" x 30", 24" x 32", 20" x 28", 20x30...', '55570891579769', '90.00', 'GBP', E'{A1,"20\\" x 30\\"","24\\" x 32\\"","20\\" x 28\\"",20x30,24x32,20x28}', 5, true, '2026-01-27 17:20:59.956763', '2026-01-27 17:20:59.956763', NULL) ON CONFLICT (id) DO NOTHING;
INSERT INTO addon_variants (id, addon_id, name, shopify_variant_id, price, currency, size_patterns, display_order, is_active, created_at, updated_at, group_id) VALUES ('9637f06d-3185-4a0e-831c-c05ac7708863', '5e2dc866-7644-4c9d-a108-db4a831d2f8b', '50" x 40", 50x40', '55570891612537', '110.00', 'GBP', E'{"50\\" x 40\\"",50x40}', 6, true, '2026-01-27 17:20:59.999756', '2026-01-27 17:20:59.999756', NULL) ON CONFLICT (id) DO NOTHING;
INSERT INTO addon_variants (id, addon_id, name, shopify_variant_id, price, currency, size_patterns, display_order, is_active, created_at, updated_at, group_id) VALUES ('00b6f7ca-1a40-40c1-9e0d-9465b90e4a00', '8e04a943-a965-441d-904c-cd765ac0034e', 'A0, 28" x 40", 30" x 40"', '55602886836601', '120.00', 'AUD', E'{A0,"28\\" x 40\\"","30\\" x 40\\"",28x40,30x40}', 6, true, '2026-01-28 10:08:12.694705', '2026-01-28 10:08:12.694705', NULL) ON CONFLICT (id) DO NOTHING;
INSERT INTO addon_variants (id, addon_id, name, shopify_variant_id, price, currency, size_patterns, display_order, is_active, created_at, updated_at, group_id) VALUES ('2d7c8896-90b3-431f-af79-72fb96138854', '5e2dc866-7644-4c9d-a108-db4a831d2f8b', 'A0, 28" x 40", 28x40', '55570891645305', '120.00', 'GBP', E'{A0,"28\\" x 40\\"",28x40}', 7, true, '2026-01-27 17:21:00.0428', '2026-01-27 17:21:00.0428', NULL) ON CONFLICT (id) DO NOTHING;
